Workbook

Sheet 1.교직원
C1: =COLUMN()-COLUMN($C$1)+1 -> 1 | D1: =COLUMN()-COLUMN($C$1)+1 -> 2 | E1: =COLUMN()-COLUMN($C$1)+1 -> 3 | F1: =COLUMN()-COLUMN($C$1)+1 -> 4 | G1: =COLUMN()-COLUMN($C$1)+1 -> 5
B2: No. | C2: 이름 | D2: 회계 | E2: 직 | G2: 비고
E3: 구분 | F3: 직명
B5: 1
B6: 2
B7: 3

Sheet 퇴직금(DC)
A1: 교육공무직원 퇴직금 산출 내역(DC)
A2: 직 | B2: 성 명 | C2: 연 간 임 금 총 액 | Q2: 2024학년도 적립퇴직금 (B)=(A)*1/12 | R2: 비고
C3: 급여(본봉) | D3: 직무 수당/보전금 | E3: 면허 가산 수 당 | F3: 위험 근무 수당 | G3: 장기근무 가산금 | H3: 정 액 급식비 | I3: 정 기 상여금 | J3: 명 절 휴가비 | K3: 연차수당 | L3: 야간근로수당 | M3: 연장근로 수 당 | N3: 연장근로 가산금 | O3: 휴일근무 수 당 | P3: 소계 (A)
A4: 시설당직원 | D4: 0 | P4: =SUM(C4:O4) -> 0 | Q4: =ROUNDDOWN(P4*1/12,-1) -> 0
A5: 시설미화원 | D5: 0 | P5: =SUM(C5:O5) -> 0 | Q5: =ROUNDDOWN(P5*1/12,-1) -> 0
Q6: =ROUNDDOWN(P6*1/12,-1) -> 0
P7: =SUM(C7:O7) -> 0 | Q7: =ROUNDDOWN(P7*1/12,-1) -> 0
A21: 합계 | C21: =SUM(C4:C20) -> 0 | D21: =SUM(D4:D20) -> 0 | E21: =SUM(E4:E20) -> 0 | F21: =SUM(F4:F20) -> 0 | G21: =SUM(G4:G20) -> 0 | H21: =SUM(H4:H20) -> 0 | I21: =SUM(I4:I20) -> 0 | J21: =SUM(J4:J20) -> 0 | K21: =SUM(K4:K20) -> 0 | M21: =SUM(M4:M20) -> 0 | N21: =SUM(N4:N20) -> 0 | O21: =SUM(O4:O20) -> 0 | P21: =SUM(P4:P20) -> 0 | Q21: =SUM(Q4:Q20) -> 0
A22: 임금총액에서 맞춤형복지비, 가족수당, 자녀학비보조수당을 제외하고 교육공무직원에게 지급된 임금 총액을 입력한다.
K24: 연차수당은 2025.2월에 지급하는 연차수당을 입력

Sheet 근속수당 지급액
B2: □ 근속수당 지급액
B3: 근무년수 | C3: 0 | D3: 1 | E3: 2 | F3: 3 | G3: 4 | H3: 5 | I3: 6 | J3: 7 | K3: 8 | L3: 9 | M3: 10 | N3: 11 | O3: 12 | P3: 13 | Q3: 14 | R3: 15 | S3: 16 | T3: 17 | U3: 18 | V3: 19 | W3: 20 | X3: 21 | Y3: 22 | Z3: 23 | AA3: 24 | AB3: 25 | AC3: 26 | AD3: 27 | AE3: 28 | AF3: 29 | AG3: 30
B4: 2014 | C4: 0 | D4: 0 | E4: 0 | F4: 50000 | G4: 70000 | H4: 90000 | I4: 110000 | J4: 130000 | K4: 150000 | L4: 170000 | M4: 190000 | N4: 190000 | O4: 190000 | P4: 190000 | Q4: 190000 | R4: 190000 | S4: 190000 | T4: 190000 | U4: 190000 | V4: 190000 | W4: 190000 | X4: 190000 | Y4: 190000 | Z4: 190000 | AA4: 190000 | AB4: 190000 | AC4: 190000 | AD4: 190000 | AE4: 190000 | AF4: 190000 | AG4: 190000
B5: =B4+1 -> 2015 | C5: 0 | D5: 0 | E5: 0 | F5: 50000 | G5: 70000 | H5: 90000 | I5: 110000 | J5: 130000 | K5: 150000 | L5: 170000 | M5: 190000 | N5: 210000 | O5: 230000 | P5: 250000 | Q5: 250000 | R5: 250000 | S5: 250000 | T5: 250000 | U5: 250000 | V5: 250000 | W5: 250000 | X5: 250000 | Y5: 250000 | Z5: 250000 | AA5: 250000 | AB5: 250000 | AC5: 250000 | AD5: 250000 | AE5: 250000 | AF5: 250000 | AG5: 250000
B6: =B5+1 -> 2016 | C6: 0 | D6: 0 | E6: 0 | F6: 50000 | G6: 70000 | H6: 90000 | I6: 110000 | J6: 130000 | K6: 150000 | L6: 170000 | M6: 190000 | N6: 210000 | O6: 230000 | P6: 250000 | Q6: 270000 | R6: 290000 | S6: 310000 | T6: 330000 | U6: 350000 | V6: 370000 | W6: 390000 | X6: 390000 | Y6: 390000 | Z6: 390000 | AA6: 390000 | AB6: 390000 | AC6: 390000 | AD6: 390000 | AE6: 390000 | AF6: 390000 | AG6: 390000
B7: =B6+1 -> 2017 | C7: 0 | D7: 0 | E7: 0 | F7: 50000 | G7: 70000 | H7: 90000 | I7: 110000 | J7: 130000 | K7: 150000 | L7: 170000 | M7: 190000 | N7: 210000 | O7: 230000 | P7: 250000 | Q7: 270000 | R7: 290000 | S7: 310000 | T7: 330000 | U7: 350000 | V7: 370000 | W7: 390000 | X7: 390000 | Y7: 390000 | Z7: 390000 | AA7: 390000 | AB7: 390000 | AC7: 390000 | AD7: 390000 | AE7: 390000 | AF7: 390000 | AG7: 390000
B8: =B7+1 -> 2018 | C8: 0 | D8: 0 | E8: 0 | F8: 50000 | G8: 70000 | H8: 90000 | I8: 110000 | J8: 130000 | K8: 150000 | L8: 170000 | M8: 190000 | N8: 210000 | O8: 230000 | P8: 250000 | Q8: 270000 | R8: 290000 | S8: 310000 | T8: 330000 | U8: 350000 | V8: 370000 | W8: 390000 | X8: 390000 | Y8: 390000 | Z8: 390000 | AA8: 390000 | AB8: 390000 | AC8: 390000 | AD8: 390000 | AE8: 390000 | AF8: 390000 | AG8: 390000
B9: 2018 | C9: 0 | D9: 30000 | E9: =D9+30000 -> 60000 | F9: =E9+30000 -> 90000 | G9: =F9+30000 -> 120000 | H9: =G9+30000 -> 150000 | I9: =H9+30000 -> 180000 | J9: =I9+30000 -> 210000 | K9: =J9+30000 -> 240000 | L9: =K9+30000 -> 270000 | ... W9: =V9+30000 -> 600000 | X9: 600000 | Y9: 600000 | Z9: 600000 | AA9: 600000 | AB9: 600000 | AC9: 600000 | AD9: 600000 | AE9: 600000 | AF9: 600000 | AG9: 600000
B10: 2019학년도 3월~9월 | C10: 0 | D10: 32500 | E10: 65000 | F10: 97500 | G10: 130000 | H10: 162500 | I10: 195000 | J10: 227500 | K10: 260000 | L10: 292500 | M10: 325000 | N10: 357500 | O10: 390000 | P10: 422500 | Q10: 455000 | R10: 487500 | S10: 520000 | T10: 552500 | U10: 585000 | V10: 617500 | W10: 650000 | X10: 650000 | Y10: 650000 | Z10: 650000 | AA10: 650000 | AB10: 650000 | AC10: 650000 | AD10: 650000 | AE10: 650000 | AF10: 650000 | AG10: 650000
B11: 2019학년도 10월~2월 | D11: 34000 | E11: 68000 | F11: 102000 | G11: 136000 | H11: 170000 | I11: 204000 | J11: 238000 | K11: 272000 | L11: 306000 | M11: 340000 | N11: 374000 | O11: 408000 | P11: 442000 | Q11: 476000 | R11: 510000 | S11: 544000 | T11: 578000 | U11: 612000 | V11: 646000 | W11: 680000 | X11: 680000 | Y11: 680000 | Z11: 680000 | AA11: 680000 | AB11: 680000 | AC11: 680000 | AD11: 680000 | AE11: 680000 | AF11: 680000 | AG11: 680000
B12: 2020학년도 | D12: 35000 | E12: =D12*2 -> 70000 | F12: =E12+35000 -> 105000 | G12: =F12+35000 -> 140000 | H12: =G12+35000 -> 175000 | I12: =H12+35000 -> 210000 | J12: =I12+35000 -> 245000 | K12: =J12+35000 -> 280000 | L12: =K12+35000 -> 315000 | M12: =L12+35000 -> 350000 | ... W12: =V12+35000 -> 700000 | X12: 700000 | Y12: 700000 | Z12: 700000 | AA12: 700000 | AB12: 700000 | AC12: 700000 | AD12: 700000 | AE12: 700000 | AF12: 700000 | AG12: 700000
B13: 2022년 1월~2월 | D13: 38000 | E13: =D13*2 -> 76000 | F13: =E13+38000 -> 114000 | G13: =F13+38000 -> 152000 | H13: =G13+38000 -> 190000 | I13: =H13+38000 -> 228000 | J13: =I13+38000 -> 266000 | K13: =J13+38000 -> 304000 | L13: =K13+38000 -> 342000 | M13: =L13+38000 -> 380000 | ... W13: =V13+38000 -> 760000 | X13: 760000 | Y13: 760000 | Z13: 760000 | AA13: 760000 | AB13: 760000 | AC13: 760000 | AD13: 760000 | AE13: 760000 | AF13: 760000 | AG13: 760000
B14: 2022학년도 | D14: 39000 | E14: =D14*2 -> 78000 | F14: =E14+39000 -> 117000 | G14: =F14+39000 -> 156000 | H14: =G14+39000 -> 195000 | I14: =H14+39000 -> 234000 | J14: =I14+39000 -> 273000 | K14: =J14+39000 -> 312000 | L14: =K14+39000 -> 351000 | M14: =L14+39000 -> 390000 | ... X14: =W14+39000 -> 819000 | Y14: 819000 | Z14: 819000 | AA14: 819000 | AB14: 819000 | AC14: 819000 | AD14: 819000 | AE14: 819000 | AF14: 819000 | AG14: 819000
B15: 2023학년도 | D15: 39000 | E15: =D15*2 -> 78000 | F15: =E15+39000 -> 117000 | G15: =F15+39000 -> 156000 | H15: =G15+39000 -> 195000 | I15: =H15+39000 -> 234000 | J15: =I15+39000 -> 273000 | K15: =J15+39000 -> 312000 | L15: =K15+39000 -> 351000 | M15: =L15+39000 -> 390000 | ... X15: =W15+39000 -> 819000 | Y15: 819000 | Z15: 819000 | AA15: 819000 | AB15: 819000 | AC15: 819000 | AD15: 819000 | AE15: 819000 | AF15: 819000 | AG15: 819000
B16: 2024학년도 | D16: 39000 | E16: =D16*2 -> 78000 | F16: =E16+39000 -> 117000 | G16: =F16+39000 -> 156000 | H16: =G16+39000 -> 195000 | I16: =H16+39000 -> 234000 | J16: =I16+39000 -> 273000 | K16: =J16+39000 -> 312000 | L16: =K16+39000 -> 351000 | M16: =L16+39000 -> 390000 | ... X16: =W16+39000 -> 819000 | Y16: 858000 | Z16: 858000 | AA16: 858000 | AB16: 858000 | AC16: 858000 | AD16: 858000 | AE16: 858000 | AF16: 858000 | AG16: 858000

Sheet 3.통상임금
B2: □ 통상임금
B3: No. | C3: 이름 | D3: 직 | E3: 통상임금 해당 수당 | N3: ⓑ통상임금산정기준시간 수 | O3: ⓒ통상 임금/시 =ⓐ/ⓑ | P3: 1일통상 임금 ⓒ×8시간 | Q3: ㉠ 일할 기준액 | R3: ㉡ 근무일수 구분 | S3: 지급액 | AF3: 비고
E4: 본봉 | F4: 업무.사서 수당 | G4: 영양사 면허가산 수당 | H4: 근속수당 | I4: 위험 (관리) 수당 | J4: 정기 상여금 | K4: 정액 급식비 | L4: 명절휴가비 | M4: ⓐ계 | S4: 42795 | T4: =DATE(YEAR(S4),MONTH(S4)+1,1) -> 42826 | U4: =DATE(YEAR(T4),MONTH(T4)+1,1) -> 42856 | V4: =DATE(YEAR(U4),MONTH(U4)+1,1) -> 42887 | W4: =DATE(YEAR(V4),MONTH(V4)+1,1) -> 42917 | X4: =DATE(YEAR(W4),MONTH(W4)+1,1) -> 42948 | Y4: =DATE(YEAR(X4),MONTH(X4)+1,1) -> 42979 | Z4: =DATE(YEAR(Y4),MONTH(Y4)+1,1) -> 43009 | AA4: =DATE(YEAR(Z4),MONTH(Z4)+1,1) -> 43040 | ... AD4: =DATE(YEAR(AC4),MONTH(AC4)+1,1) -> 43132 | AE4: 계 ㉠×㉡
B6: =ROW()-ROW($B$5) -> 1 | M6: =SUM(E6:L6) -> 0 | N6: 209 | O6: =ROUNDDOWN(M6/N6,0) -> 0 | P6: =O6*8 -> 0 | Q6: =IF(#REF!="","",#REF!) -> #REF! | R6: =IF(#REF!="","",#REF!) -> #REF! | S6: =IF(#REF!="","",#REF!) -> #REF! | T6: =IF(#REF!="","",#REF!) -> #REF! | U6: =IF(#REF!="","",#REF!) -> #REF! | V6: =IF(#REF!="","",#REF!) -> #REF! | W6: =IF(#REF!="","",#REF!) -> #REF! | X6: =IF(#REF!="","",#REF!) -> #REF! | ... AE6: =IF(#REF!="","",#REF!) -> #REF!
B7: =ROW()-ROW($B$5) -> 2 | M7: =SUM(E7:L7) -> 0 | N7: 156 | O7: =ROUNDDOWN(M7/N7,0) -> 0 | P7: =O7*6 -> 0 | Q7: =IF(#REF!="","",#REF!) -> #REF! | R7: =IF(#REF!="","",#REF!) -> #REF! | S7: =IF(#REF!="","",#REF!) -> #REF! | T7: =IF(#REF!="","",#REF!) -> #REF! | U7: =IF(#REF!="","",#REF!) -> #REF! | V7: =IF(#REF!="","",#REF!) -> #REF! | W7: =IF(#REF!="","",#REF!) -> #REF! | X7: =IF(#REF!="","",#REF!) -> #REF! | ... AE7: =IF(#REF!="","",#REF!) -> #REF!
B8: =ROW()-ROW($B$5) -> 3 | M8: =SUM(E8:K8) -> 0 | N8: 104 | O8: =ROUNDDOWN(M8/N8,0) -> 0 | P8: =O8*4 -> 0 | Q8: =IF(#REF!="","",#REF!) -> #REF! | R8: =IF(#REF!="","",#REF!) -> #REF! | S8: =IF(#REF!="","",#REF!) -> #REF! | T8: =IF(#REF!="","",#REF!) -> #REF! | U8: =IF(#REF!="","",#REF!) -> #REF! | V8: =IF(#REF!="","",#REF!) -> #REF! | W8: =IF(#REF!="","",#REF!) -> #REF! | X8: =IF(#REF!="","",#REF!) -> #REF! | ... AE8: =IF(#REF!="","",#REF!) -> #REF!
B9: =ROW()-ROW($B$5) -> 4 | M9: =SUM(E9:K9) -> 0 | N9: 209 | O9: =ROUNDDOWN(M9/N9,0) -> 0 | P9: =O9*8 -> 0 | Q9: =IF(#REF!="","",#REF!) -> #REF! | R9: =IF(#REF!="","",#REF!) -> #REF! | S9: =IF(#REF!="","",#REF!) -> #REF! | T9: =IF(#REF!="","",#REF!) -> #REF! | U9: =IF(#REF!="","",#REF!) -> #REF! | V9: =IF(#REF!="","",#REF!) -> #REF! | W9: =IF(#REF!="","",#REF!) -> #REF! | X9: =IF(#REF!="","",#REF!) -> #REF! | ... AE9: =IF(#REF!="","",#REF!) -> #REF!
B10: =ROW()-ROW($B$5) -> 5 | M10: =SUM(E10:L10) -> 0 | N10: 174 | O10: =ROUNDDOWN(M10/N10,0) -> 0 | P10: =O10*6.67 -> 0
B11: =ROW()-ROW($B$5) -> 6
B12: =ROW()-ROW($B$5) -> 7 | M12: =SUM(E12:K12) -> 0 | N12: 156 | O12: =ROUNDDOWN(M12/N12,0) -> 0 | P12: =O12*6 -> 0 | Q12: =IF(#REF!="","",#REF!) -> #REF! | R12: =IF(#REF!="","",#REF!) -> #REF! | S12: =IF(#REF!="","",#REF!) -> #REF! | T12: =IF(#REF!="","",#REF!) -> #REF! | U12: =IF(#REF!="","",#REF!) -> #REF! | V12: =IF(#REF!="","",#REF!) -> #REF! | W12: =IF(#REF!="","",#REF!) -> #REF! | X12: =IF(#REF!="","",#REF!) -> #REF! | ... AE12: =IF(#REF!="","",#REF!) -> #REF!
B13: =ROW()-ROW($B$5) -> 8 | M13: =SUM(E13:L13) -> 0 | N13: 156 | O13: =ROUNDDOWN(M13/N13,0) -> 0 | P13: =O13*6 -> 0 | Q13: =IF(#REF!="","",#REF!) -> #REF! | R13: =IF(#REF!="","",#REF!) -> #REF! | S13: =IF(#REF!="","",#REF!) -> #REF! | T13: =IF(#REF!="","",#REF!) -> #REF! | U13: =IF(#REF!="","",#REF!) -> #REF! | V13: =IF(#REF!="","",#REF!) -> #REF! | W13: =IF(#REF!="","",#REF!) -> #REF! | X13: =IF(#REF!="","",#REF!) -> #REF! | ... AE13: =IF(#REF!="","",#REF!) -> #REF!
B14: =ROW()-ROW($B$5) -> 9 | M14: =SUM(E14:L14) -> 0 | N14: 209 | O14: =ROUNDDOWN(M14/N14,0) -> 0 | P14: =O14*8 -> 0 | Q14: =IF(#REF!="","",#REF!) -> #REF! | R14: =IF(#REF!="","",#REF!) -> #REF! | S14: =IF(#REF!="","",#REF!) -> #REF! | T14: =IF(#REF!="","",#REF!) -> #REF! | U14: =IF(#REF!="","",#REF!) -> #REF! | V14: =IF(#REF!="","",#REF!) -> #REF! | W14: =IF(#REF!="","",#REF!) -> #REF! | X14: =IF(#REF!="","",#REF!) -> #REF! | ... AE14: =IF(#REF!="","",#REF!) -> #REF!
B15: =ROW()-ROW($B$5) -> 10 | M15: =SUM(E15:L15) -> 0 | N15: 209 | O15: =ROUNDDOWN(M15/N15,0) -> 0 | P15: =O15*8 -> 0 | Q15: =IF(#REF!="","",#REF!) -> #REF! | R15: =IF(#REF!="","",#REF!) -> #REF! | S15: =IF(#REF!="","",#REF!) -> #REF! | T15: =IF(#REF!="","",#REF!) -> #REF! | U15: =IF(#REF!="","",#REF!) -> #REF! | V15: =IF(#REF!="","",#REF!) -> #REF! | W15: =IF(#REF!="","",#REF!) -> #REF! | X15: =IF(#REF!="","",#REF!) -> #REF! | ... AE15: =IF(#REF!="","",#REF!) -> #REF!
B16: =ROW()-ROW($B$5) -> 11 | M16: =SUM(E16:L16) -> 0 | N16: 209 | O16: =ROUNDDOWN(M16/N16,0) -> 0 | P16: =O16*8 -> 0
B17: =ROW()-ROW($B$5) -> 12 | M17: =SUM(E17:L17) -> 0 | N17: 209 | O17: =ROUNDDOWN(M17/N17,0) -> 0 | P17: =O17*8 -> 0 | Q17: =IF(#REF!="","",#REF!) -> #REF! | R17: =IF(#REF!="","",#REF!) -> #REF! | S17: =IF(#REF!="","",#REF!) -> #REF! | T17: =IF(#REF!="","",#REF!) -> #REF! | U17: =IF(#REF!="","",#REF!) -> #REF! | V17: =IF(#REF!="","",#REF!) -> #REF! | W17: =IF(#REF!="","",#REF!) -> #REF! | X17: =IF(#REF!="","",#REF!) -> #REF! | ... AE17: =IF(#REF!="","",#REF!) -> #REF!
B18: =ROW()-ROW($B$5) -> 13 | Q18: =IF(#REF!="","",#REF!) -> #REF! | R18: =IF(#REF!="","",#REF!) -> #REF! | S18: =IF(#REF!="","",#REF!) -> #REF! | T18: =IF(#REF!="","",#REF!) -> #REF! | U18: =IF(#REF!="","",#REF!) -> #REF! | V18: =IF(#REF!="","",#REF!) -> #REF! | W18: =IF(#REF!="","",#REF!) -> #REF! | X18: =IF(#REF!="","",#REF!) -> #REF! | ... AE18: =IF(#REF!="","",#REF!) -> #REF!
E21: =SUM(E6:E20) -> 0 | F21: =SUM(F6:F20) -> 0 | G21: =SUM(G6:G20) -> 0 | H21: =SUM(H6:H20) -> 0 | I21: =SUM(I6:I20) -> 0 | J21: =SUM(J6:J20) -> 0 | K21: =SUM(K6:K20) -> 0
Q27: <통상임금 산정 변경 알림(2014-04-07 에듀메신저, 학교현장지원과 박효실, 본청 노무사 답변) >

Sheet 4.연차수당
B2: □ 연차수당 | C2: □ 통상임금 | D2: □ 통상임금 | F2: □ 통상임금 | G2: □ 통상임금 | H2: □ 통상임금 | I2: □ 통상임금 | J2: □ 통상임금 | K2: □ 통상임금 | L2: □ 통상임금 | M2: □ 통상임금 | N2: □ 통상임금 | O2: □ 통상임금
B3: No. | C3: 이름 | D3: 직 | E3: 근무년수 | F3: 연가 | I3: 병가 | L3: ⓖ보상 일수 =ⓒ-ⓕ | M3: ⓗ 통상 임금 /일 | N3: 연차수당 지급액 =ⓖ×ⓗ
E4: 2024.3.1기준 | F4: ⓐ 사용가능 | G4: ⓑ 사용 | H4: ⓒ보상 =ⓐ-ⓑ | I4: ⓓ 유급 | J4: ⓔ 사용 | K4: ⓕ무급 =max(ⓔ-ⓓ,0) | O4: 비고 | Q4: 연차유급휴가 산정일수
B6: =ROW()-ROW($B$5) -> 1 | E6: 10 | F6: 20 | G6: 18 | H6: =F6-G6 -> 2 | I6: 21 | K6: =MAX(J6-I6,0) -> 0 | L6: =H6-K6 -> 2 | M6: 101792 | N6: =ROUNDDOWN(L6*M6,-1) -> 203580 | Q6: 근무연수 | R6: 방중근무 | S6: 방중비근무
B7: 2 | E7: 1 | F7: 14.8 | G7: 3 | H7: =F7-G7 -> 11.8 | L7: =H7-K7 -> 11.8 | M7: ='3.통상임금'!P7 -> 0 | N7: =ROUNDDOWN(L7*M7,-1) -> 0 | Q7: 1년 | R7: 15일 | S7: 12일
B8: 3 | E8: 1 | F8: 14.8 | G8: 1 | H8: =F8-G8 -> 13.8 | L8: =H8-K8 -> 13.8 | M8: ='3.통상임금'!P8 -> 0 | N8: =ROUNDDOWN(L8*M8,-1) -> 0 | Q8: 2년 | R8: 15일 | S8: 12일
Q9: 3년 | R9: 16일 | S9: 13일
Q10: 4년 | R10: 16일 | S10: 13일
Q11: 5년 | R11: 17일 | S11: 14일
N12: =ROUNDDOWN(L12*M12,-1) -> 0 | Q12: 7년 | R12: 18일 | S12: 15일
Q13: 9년 | R13: 19일 | S13: 16일
Q14: 11년 | R14: 20일 | S14: 17일
Q15: 13년 | R15: 21일 | S15: 18일
Q16: 15년 | R16: 22일 | S16: 19일
Q17: 17년 | R17: 23일 | S17: 20일
Q18: 19년 | R18: 24일 | S18: 21일
Q19: 21년 | R19: 25일 | S19: 22일
Q20: 31년 | R20: 25일 | S20: 25일
N21: =SUM(N6:O19) -> 203580
B22: ※ 경기도교육청 교육실무직원 취업규칙 제58조(병가) ④ 질병이나 부상으로 인한 지참, 조퇴 및 외출은 직종별 소정근로시간에 해당하는 시간을 병가 1일로 계산하고, 연간 30일까지는 유급으로 한다. 2004년 이전 최초임용자는 2004년 3. 1부터 연차발생

Sheet 5.초과근무수당
B2: □ 초과근무수당 | C2: □ 통상임금 | D2: □ 통상임금
B3: No. | C3: 이름 | D3: 직 | E3: 1시간 통상임금 | F3: ⓐ초과(시간) | G3: ⓑ초과(분) | H3: ⓒ수당(시) | I3: ⓓ수당(분) | J3: ⓔ수당계 | K3: 비고
B5: =ROW()-ROW($B$4) -> 1 | C5: ='1.교직원'!C5 -> 0 | D5: ='1.교직원'!F5 -> 0 | E5: ='3.통상임금'!O6 -> 0 | F5: 3 | H5: =ROUNDDOWN((E5*F5)*1.5,-1) -> 0 | I5: =ROUNDDOWN(E5/60*G5*1.5,-1) -> 0 | J5: =H5+I5 -> 0
B6: =ROW()-ROW($B$4) -> 2 | C6: ='1.교직원'!C6 -> 0 | D6: ='1.교직원'!F6 -> 0 | J6: =H6+I6 -> 0
B7: 2 | C7: ='1.교직원'!C6 -> 0 | D7: ='1.교직원'!F6 -> 0 | E7: ='3.통상임금'!O7 -> 0 | F7: 6 | H7: =ROUNDDOWN((E7*F7)*1,-1) -> 0 | I7: =ROUNDDOWN(E7/60*G7*1,-1) -> 0 | J7: =H7+I7 -> 0
B8: 3 | C8: ='1.교직원'!C7 -> 0 | D8: ='1.교직원'!F7 -> 0 | E8: ='3.통상임금'!O8 -> 0 | F8: 2 | G8: 31 | H8: =ROUNDDOWN((E8*F8)*1.5,-1) -> 0 | I8: =ROUNDDOWN(E8/60*G8*1.5,-1) -> 0 | J8: =H8+I8 -> 0
B9: 4
B10: 5
B11: 6
B12: 7 | E12: ='3.통상임금'!O12 -> 0 | F12: 1.83 | G12: 0 | H12: =ROUNDDOWN((E12*F12)*1.5,-1) -> 0 | I12: =ROUNDDOWN(E12/60*G12*1.5,-1) -> 0 | J12: =H12+I12 -> 0
B13: 8
B14: 9
B15: 10
B16: 11
B17: 12
B18: 13
B19: 14
B22: ※ 경기도교육청 교육실무직원 취업규칙 제58조(병가) ④ 질병이나 부상으로 인한 지참, 조퇴 및 외출은 직종별 소정근로시간에 해당하는 시간을 병가 1일로 계산하고, 연간 21일까지는 유급으로 한다.
B23: ※ 근로기준법 제18조(단시간근로자의 근로조건) ③ 4주 동안(4주 미만으로 근로하는 경우에는 그 기간)을 평균하여 1주 동안의 소정근로시간이 15시간 미만인 근로자에 대하여는 제55조(주휴일)와 제60조(연차 유급휴가)를 적용하지 아니한다. <개정 2008.3.21.>

Sheet 6.퇴직금(적립,DB)
D2: 수정 일자 | E2: =COLUMN()-COLUMN($C$1)+1 -> 3 | F2: =COLUMN()-COLUMN($C$1)+1 -> 4 | G2: =COLUMN()-COLUMN($C$1)+1 -> 5 | H2: =COLUMN()-COLUMN($C$1)+1 -> 6 | I2: =COLUMN()-COLUMN($C$1)+1 -> 7 | J2: =COLUMN()-COLUMN($C$1)+1 -> 8 | K2: =COLUMN()-COLUMN($C$1)+1 -> 9 | L2: =COLUMN()-COLUMN($C$1)+1 -> 10 | ... AA2: =COLUMN()-COLUMN($C$1)+1 -> 25
B4: 기준일 | D4: 45716
B6: No. | C6: 이름 | D6: 직 | E6: 시작일 | F6: 1일 평균 임금 | T6: ⓕ 1일 통상 임금 | U6: ⓖ 계속 근로년수 | X6: 퇴직금 적립액 | AA6: 비고
F7: 퇴직 전 3개월 임금 합계 | R7: ⓓ 퇴직 전 3개월 일수 (日數) | S7: ⓔ 1일 평균 임금
F8: 퇴직 전 3개월 월정 임금 | M8: 퇴직 전 1년 비월정 임금 | Q8: ⓒ퇴직 전 3개월 보수 합계 =ⓐ+ⓑ | U8: 년 | V8: 1년 미만 일수 | W8: 계 | X8: ⓗ이미 적립된 퇴직금 | Y8: ⓘ이번에 적립할 퇴직금 =ⓙ-ⓗ | Z8: ⓙ퇴직금 총액 =max (ⓔ,ⓕ)×ⓖ
F9: 본봉 | G9: 사서 수당 특기적성 | H9: 영양사 면허가산 수당 | I9: 근속수당 시간외수당 | J9: 위험 수당 | K9: 급식비 | L9: ⓐ 계 | M9: 명절 휴가비 | N9: 연차 수당 | O9: 정기 상여금 | P9: ⓑ =계×3/12
B11: =ROW()-ROW($B$10) -> 1 | C11: ='1.교직원'!C5 -> 0 | D11: ='1.교직원'!F5 -> 0 | E11: 41306 | P11: =SUM(M11:O11)*3/12 -> 0 | Q11: =L11+P11 -> 0 | R11: 90 | S11: =ROUNDDOWN(Q11/R11,-1) -> 0 | T11: 101792 | U11: 12 | V11: 30 | W11: =U11+V11/365 -> 12.082192 | X11: 32339600 | Y11: =Z11-X11 -> 4556510 | Z11: =ROUNDDOWN(MAX(S11,T11)*30*W11,-1) -> 36896110
B12: =ROW()-ROW($B$10) -> 2
B13: =ROW()-ROW($B$10) -> 3
B14: =ROW()-ROW($B$10) -> 4
B15: =ROW()-ROW($B$10) -> 5 | E15: 41306
B16: =ROW()-ROW($B$10) -> 6
B17: =ROW()-ROW($B$10) -> 7
B18: =ROW()-ROW($B$10) -> 8
B19: =ROW()-ROW($B$10) -> 9
B20: =ROW()-ROW($B$10) -> 10
B21: =ROW()-ROW($B$10) -> 11
B22: =ROW()-ROW($B$10) -> 12
B23: =ROW()-ROW($B$10) -> 13
F25: =SUM(F12:F24) -> 0 | G25: =SUM(G12:G24) -> 0 | H25: =SUM(H12:H24) -> 0 | I25: =SUM(I12:I24) -> 0 | J25: =SUM(J12:J24) -> 0 | K25: =SUM(K12:K24) -> 0 | N25: =SUM(N12:N24) -> 0 | X25: =SUM(X11:X24) -> 32339600 | Y25: =SUM(Y10:Y24) -> 4556510 | Z25: =SUM(Z10:Z24) -> 36896110
