Workbook

Sheet TOC & Legend
B2: 교육공무직 퇴직금 & 연차수당 예상소요액 통합 계산기
B3: Generated 2026-08-27 | v2.0 (경기도교육청 2026 급여 매뉴얼 및 단체협약 소급 기준 완벽 반영)
B5: 본 프로그램은 경기도교육청 교육공무직원 급여 업무 매뉴얼 및 단체(임금)협약 개정안을 반영하여 제작되었습니다.
B6: 특히 2024년 12월부터 시행된 '명절휴가비 및 정기상여금의 통상임금 산입'에 따른 임금 인상분을 완벽히 계산하고,
B7: 중도 입사자 및 퇴직자의 연차유급휴가 및 DB/DC형 퇴직금 실소요액 예산을 과다/과소 추계 없이 산정하도록 돕습니다.
B10: 시트 색상 가이드 및 범례 (Color Legend)
B11: 구분 | C11: 예시 셀 | D11: 설명
B12: 사용자 입력란 | C12: [샘플] | D12: 주무관님이 직접 타이핑하거나 드롭다운을 선택해야 하는 셀 (연파란색 음영)
B13: 자동 계산 결과 | C13: [샘플] | D13: 수식에 의해 실시간 연동되어 자동 계산되는 셀 (연초록색 음영 - 절대 임의 수정 금지)
B14: 기준정보 및 고정값 | C14: [샘플] | D14: 급여 매뉴얼상의 법정 단가 및 기본 세팅 수치 (수정 필요 시 기준단가 시트에서 수정)
B15: 오류 및 확인 필요 | C15: [샘플] | D15: 임금체불 방지를 위해 법정 최저보장 한도 미달 시 또는 잔여일수가 초과 시 경고 알림
B18: 주요 제공 기능 (시트 목록)
B19: 시트명 | C19: 주요 용도 | D19: 대상 사용자 및 업무 흐름
B20: 1. 기준단가표 | C20: 본봉 및 수당 법정 단가 관리 | D20: 2025년도 이전 단가 및 2026년도 인상된 신단가(78,500원 본봉 인상 등)와 1~24년 근속수당 일괄 수록
B21: 2. 통상임금 계산마스터 | C21: 직종 및 연차별 통상시급 자동 산출 | D21: 영양사, 조리사, 조리실무사의 모든 근속연수별 1일 통상임금 및 시간급 통상임금을 연도별로 자동 산정 및 시각화
B22: 3. 예상소요액 내역서 | C22: ★주요 작성 시트★ 개인별 연차 및 퇴직금 산정 | D22: 교육지원청 제출용 '개인별 연차수당 및 퇴직금 예상소요액 내역'을 드롭다운 선택만으로 자동 수식 연동해 1초 만에 완성
B23: 4. DB형 상세 산정서 | C23: DB형 퇴직금 세외적립 및 정밀 정산 | D23: 평균임금과 통상임금을 정밀 비교하는 '통상임금 최저보장제' 수식과 정산 명세서를 PDF 증빙용으로 출력 가능
B24: 5. DC형 연간 정산서 | C24: DC형 연간 임금총액 및 부담금 관리 | D24: 선배 주무관들이 사용하던 클래식한 13개 세부 수당 열(시간외수당 포함)을 DC형 퇴직연금 1/12 공식에 완벽 대입하는 대장

Sheet 기준단가표
B2: 경기도교육청 교육공무직원 기준 단가표 (2025 vs 2026)
B4: 1. 기본급 및 고정 수당 단가
B5: 항목 | C5: 2025학년도 (구단가) | D5: 2026학년도 (신단가) | E5: 비고 및 관련 법령
B6: 유형1 기본급 (영양사 등) | C6: 2266000 | D6: 2344500 | E6: 월 78,500원 인상 (학교: '26.3월부터 적용)
B7: 유형2 기본급 (조리사, 조리실무사 등) | C7: 2066000 | D7: 2144500 | E7: 월 78,500원 인상 (학교: '26.3월부터 적용)
B8: 정액급식비 | C8: 150000 | D8: 160000 | E8: 월 10,000원 인상 (2026.1.1.부터 시행)
B9: 정기상여금 (월할분) | C9: 83333 | D9: 83333 | E9: 연 1,000,000원 ÷ 12개월 동일 적용
B10: 명절휴가비 (월할분) | C10: 154167 | D10: 178708 | E10: 2025년 연 185만원 -> 2026년 연 2,144,500원으로 인상
B11: 조리사 면허수당 | C11: 103300 | D11: 107220 | E11: 2026년 2유형 기본급의 5% 상당액
B12: 영양사 면허가산수당 | C12: 113300 | D12: 117220 | E12: 2026년 1유형 기본급의 5% 상당액
B13: 조리(실무)사 위험수당 | C13: 50000 | D13: 70000 | E13: 월 20,000원 인상 (학교: '26.3월부터 적용)
B14: 영양사 식생활지도수당 | C14: 0 | D14: 50000 | E14: 2026년 3월부터 신설 수당
B17: 2. 근속수당 연수별 단가표
B18: 근속연수 | C18: 2025학년도 (급간 4.0만) | D18: 2026학년도 (급간 4.1만) | E18: 가산연수 비고
B19: 1년 차 (만1년) | C19: 40000 | D19: 41000
B20: 2년 차 (만2년) | C20: 80000 | D20: 82000
B21: 3년 차 (만3년) | C21: 120000 | D21: 123000
B22: 4년 차 (만4년) | C22: 160000 | D22: 164000
B23: 5년 차 (만5년) | C23: 200000 | D23: 205000
B24: 6년 차 (만6년) | C24: 240000 | D24: 246000
B25: 7년 차 (만7년) | C25: 280000 | D25: 287000
B26: 8년 차 (만8년) | C26: 320000 | D26: 328000
B27: 9년 차 (만9년) | C27: 360000 | D27: 369000
B28: 10년 차 (만10년) | C28: 400000 | D28: 410000
B29: 11년 차 (만11년) | C29: 440000 | D29: 451000
B30: 12년 차 (만12년) | C30: 480000 | D30: 492000
... B41: 23년 차 (만23년) | C41: 920000 | D41: 943000
B42: 24년 차 (만24년) | C42: 920000 | D42: 984000 | E42: 상한 연장 적용

Sheet 통상임금 계산마스터
B2: 교육공무직원 직종별/연차별 통상임금 매트릭스
B3: ※ 예상소요액 내역서 시트의 '1일 통상임금(A)' 계산 시 자동으로 참조되는 핵심 데이터베이스 테이블입니다.
B5: [구단가] 2025학년도 통상임금 산출표 (1일 8시간, 주 40시간)
B6: 근속구분 | C6: 영양사 1일급 | D6: 조리사 1일급 | E6: 조리실무사 1일급 | F6: 영양사 시급 | G6: 조리사 시급 | H6: 조리실무사 시급
B7: 1년 미만 | C7: 107820 | D7: 99782 | E7: 95828 | F7: 13477.5 | G7: 12472.7 | H7: 11978.5
B8: 1년 이상 | C8: 109351 | D8: 101313 | E8: 97359 | F8: 13668.9 | G8: 12664.1 | H8: 12169.9
B9: 2년 이상 | C9: 110882 | D9: 102844 | E9: 98890 | F9: 13860.3 | G9: 12855.5 | H9: 12361.2
B10: 3년 이상 | C10: 112414 | D10: 104375 | E10: 100421 | F10: 14051.7 | G10: 13046.9 | H10: 12552.6
B11: 4년 이상 | C11: 113945 | D11: 105906 | E11: 101952 | F11: 14243.1 | G11: 13238.3 | H11: 12744
B12: 5년 이상 | C12: 115475 | D12: 107438 | E12: 103483 | F12: 14434.4 | G12: 13429.7 | H12: 12935.4
B13: 6년 이상 | C13: 117006 | D13: 108969 | E13: 105014 | F13: 14625.8 | G13: 13621.1 | H13: 13126.8
B14: 7년 이상 | C14: 118538 | D14: 110499 | E14: 106546 | F14: 14817.2 | G14: 13812.4 | H14: 13318.2
B15: 8년 이상 | C15: 120069 | D15: 112030 | E15: 108077 | F15: 15008.6 | G15: 14003.8 | H15: 13509.6
B16: 9년 이상 | C16: 121600 | D16: 113562 | E16: 109608 | F16: 15200 | G16: 14195.2 | H16: 13701
B17: 10년 이상 | C17: 123131 | D17: 115093 | E17: 111138 | F17: 15391.4 | G17: 14386.6 | H17: 13892.3
B18: 11년 이상 | C18: 124662 | D18: 116624 | E18: 112670 | F18: 15582.8 | G18: 14578 | H18: 14083.7
... B30: 23년 이상 | C30: 143035 | D30: 134997 | E30: 131043 | F30: 17879.4 | G30: 16874.6 | H30: 16380.4
B32: [신단가] 2026학년도 통상임금 산출표 (1일 8시간, 주 40시간)
B33: 근속구분 | C33: 영양사 1일급 | D33: 조리사 1일급 | E33: 조리실무사 1일급 | F33: 영양사 시급 | G33: 조리사 시급 | H33: 조리실무사 시급
B34: 1년 미만 | C34: 114977 | D34: 105024 | E34: 100920 | F34: 14372.1 | G34: 13128 | H34: 12615
B35: 1년 이상 | C35: 116546 | D35: 106594 | E35: 102490 | F35: 14568.2 | G35: 13324.2 | H35: 12811.2
B36: 2년 이상 | C36: 118115 | D36: 108163 | E36: 104059 | F36: 14764.4 | G36: 13520.4 | H36: 13007.4
B37: 3년 이상 | C37: 119685 | D37: 109733 | E37: 105628 | F37: 14960.6 | G37: 13716.6 | H37: 13203.5
B38: 4년 이상 | C38: 121254 | D38: 111302 | E38: 107198 | F38: 15156.8 | G38: 13912.7 | H38: 13399.7
B39: 5년 이상 | C39: 122823 | D39: 112871 | E39: 108767 | F39: 15352.9 | G39: 14108.9 | H39: 13595.9
B40: 6년 이상 | C40: 124393 | D40: 114441 | E40: 110337 | F40: 15549.1 | G40: 14305.1 | H40: 13792.1
B41: 7년 이상 | C41: 125962 | D41: 116010 | E41: 111906 | F41: 15745.3 | G41: 14501.2 | H41: 13988.2
B42: 8년 이상 | C42: 127531 | D42: 117579 | E42: 113475 | F42: 15941.4 | G42: 14697.4 | H42: 14184.4
B43: 9년 이상 | C43: 129101 | D43: 119149 | E43: 115045 | F43: 16137.6 | G43: 14893.6 | H43: 14380.6
B44: 10년 이상 | C44: 130670 | D44: 120718 | E44: 116614 | F44: 16333.8 | G44: 15089.8 | H44: 14576.8
B45: 11년 이상 | C45: 132240 | D45: 122287 | E45: 118183 | F45: 16530 | G45: 15285.9 | H45: 14772.9
... B58: 24년 이상 | C58: 152642 | D58: 142690 | E58: 138586 | F58: 19080.2 | G58: 17836.2 | H58: 17323.2

Sheet 개인별 예상소요액 내역서
B2: 개인별 연차수당 및 퇴직금 예상소요액 내역 (2025회계연도 기준)
B3: ★ 예산이 과다 추계되지 않도록 신중을 기하여 작성해 주시기 바랍니다.
B5: ※ 작성요령 및 주의사항:
B6: 1. '직종' 열(I) 및 '근속연수' 열(J)을 목록에서 정확하게 선택하면, 1일 통상임금(K)이 '통상임금 계산마스터' 시트에서 자동으로 검색됩니다.
B7: 2. '잔여 연차일수' 열(L)은 소수점이 있을 경우 반드시 정수로 올림하여 수기 입력해 주세요. (예: 16.5일은 17일로 입력)
B8: 3. '퇴직금 유형' 열(N)에서 'DB'를 선택할 경우, 2025학년도 말 지급의무가 발생하는 실소요 퇴직금이 산정되며, 'DC'는 해당연도 부담금 1/12이 추정 산출됩니다.
B10: 교육지원청 | C10: 시,군명 | D10: 설립별 | E10: 급별 | F10: 학교명 | G10: 성명 | H10: 재원 | I10: 직종 | J10: 근속연수 | K10: 1일 통상임금 (원) [A] | L10: 잔여 연차일수 [B] | M10: 잔여 연차수당 (원) [C]=[A]×[B] | N10: 퇴직금 유형 | O10: 2025회계연도 실소요 퇴직금(원) | P10: 3월 연차수당, 퇴직금 소급지원액(원) | Q10: 기타사항
B11: 안성 | C11: 공립 | D11: 각종 | E11: 각종중 | F11: 안성배움학교 | G11: 김조리 | H11: 교특 | I11: 조리사 | J11: 18년 이상 | K11: =INDEX('통상임금 계산마스터'!$C$7:$E$29,MATCH(J11,'통상임금 계산마스터'!$B$7:$B$29,0),MATCH(I11,'통상임금 계산마스터'!$C$6:$E$6,0)) -> #N/A | L11: 20 | M11: =K11*L11 -> #N/A | N11: DB | O11: =IF(N11="DB",K11*30*(IF(J11="1년 미만",0.93,IF(J11="12년 이상",1.2,IF(J11="18년 이상",1.48,1)))),K11*30*1.1) -> #N/A | Q11: 2025학년도 임금협약 개정분 소급 반영
B12: 안성 | C12: 공립 | D12: 각종 | E12: 각종중 | F12: 안성배움학교 | G12: 박실무 | H12: 분담 | I12: 조리실무사 | J12: 12년 이상 | K12: =INDEX('통상임금 계산마스터'!$C$7:$E$29,MATCH(J12,'통상임금 계산마스터'!$B$7:$B$29,0),MATCH(I12,'통상임금 계산마스터'!$C$6:$E$6,0)) -> #N/A | L12: 7 | M12: =K12*L12 -> #N/A | N12: DB | O12: =IF(N12="DB",K12*30*(IF(J12="1년 미만",0.93,IF(J12="12년 이상",1.2,IF(J12="18년 이상",1.48,1)))),K12*30*1.1) -> #N/A | Q12: 퇴직금은 세외적립 DB 유지
B13: 안성 | C13: 공립 | D13: 각종 | E13: 각종중 | F13: 안성배움학교 | G13: 최신입 | H13: 분담 | I13: 조리실무사 | J13: 1년 미만 | K13: =INDEX('통상임금 계산마스터'!$C$7:$E$29,MATCH(J13,'통상임금 계산마스터'!$B$7:$B$29,0),MATCH(I13,'통상임금 계산마스터'!$C$6:$E$6,0)) -> #N/A | L13: 10 | M13: =K13*L13 -> #N/A | N13: DB | O13: =IF(N13="DB",K13*30*(IF(J13="1년 미만",0.93,IF(J13="12년 이상",1.2,IF(J13="18년 이상",1.48,1)))),K13*30*1.1) -> #N/A | Q13: 2025년 신규채용자, 연차는 월차로 정산
B14: 안성 | C14: 공립 | D14: 각종 | E14: 초등 | F14: 대기행 | G14: 근무자 1 | H14: 교특 | I14: 조리실무사 | J14: 1년 이상 | K14: =INDEX('통상임금 계산마스터'!$C$7:$E$29,MATCH(J14,'통상임금 계산마스터'!$B$7:$B$29,0),MATCH(I14,'통상임금 계산마스터'!$C$6:$E$6,0)) -> #N/A | L14: 0 | M14: =K14*L14 -> #N/A | N14: DB | O14: =IF(N14="DB",K14*30*(IF(J14="1년 미만",0,IF(J14="12년 이상",12,IF(J14="18년 이상",18,1)))),0) -> #N/A | Q14: 대기용 공란
B15: 안성 | C15: 공립 | D15: 각종 | E15: 초등 | F15: 대기행 | G15: 근무자 2 | H15: 교특 | I15: 조리실무사 | J15: 1년 이상 | K15: =INDEX('통상임금 계산마스터'!$C$7:$E$29,MATCH(J15,'통상임금 계산마스터'!$B$7:$B$29,0),MATCH(I15,'통상임금 계산마스터'!$C$6:$E$6,0)) -> #N/A | L15: 0 | M15: =K15*L15 -> #N/A | N15: DB | O15: =IF(N15="DB",K15*30*(IF(J15="1년 미만",0,IF(J15="12년 이상",12,IF(J15="18년 이상",18,1)))),0) -> #N/A | Q15: 대기용 공란
B16: 안성 | C16: 공립 | D16: 각종 | E16: 초등 | F16: 대기행 | G16: 근무자 3 | H16: 교특 | I16: 조리실무사 | J16: 1년 이상 | K16: =INDEX('통상임금 계산마스터'!$C$7:$E$29,MATCH(J16,'통상임금 계산마스터'!$B$7:$B$29,0),MATCH(I16,'통상임금 계산마스터'!$C$6:$E$6,0)) -> #N/A | L16: 0 | M16: =K16*L16 -> #N/A | N16: DB | O16: =IF(N16="DB",K16*30*(IF(J16="1년 미만",0,IF(J16="12년 이상",12,IF(J16="18년 이상",18,1)))),0) -> #N/A | Q16: 대기용 공란
B17: 안성 | C17: 공립 | D17: 각종 | E17: 초등 | F17: 대기행 | G17: 근무자 4 | H17: 교특 | I17: 조리실무사 | J17: 1년 이상 | K17: =INDEX('통상임금 계산마스터'!$C$7:$E$29,MATCH(J17,'통상임금 계산마스터'!$B$7:$B$29,0),MATCH(I17,'통상임금 계산마스터'!$C$6:$E$6,0)) -> #N/A | L17: 0 | M17: =K17*L17 -> #N/A | N17: DB | O17: =IF(N17="DB",K17*30*(IF(J17="1년 미만",0,IF(J17="12년 이상",12,IF(J17="18년 이상",18,1)))),0) -> #N/A | Q17: 대기용 공란
B18: 안성 | C18: 공립 | D18: 각종 | E18: 초등 | F18: 대기행 | G18: 근무자 5 | H18: 교특 | I18: 조리실무사 | J18: 1년 이상 | K18: =INDEX('통상임금 계산마스터'!$C$7:$E$29,MATCH(J18,'통상임금 계산마스터'!$B$7:$B$29,0),MATCH(I18,'통상임금 계산마스터'!$C$6:$E$6,0)) -> #N/A | L18: 0 | M18: =K18*L18 -> #N/A | N18: DB | O18: =IF(N18="DB",K18*30*(IF(J18="1년 미만",0,IF(J18="12년 이상",12,IF(J18="18년 이상",18,1)))),0) -> #N/A | Q18: 대기용 공란
B19: 안성 | C19: 공립 | D19: 각종 | E19: 초등 | F19: 대기행 | G19: 근무자 6 | H19: 교특 | I19: 조리실무사 | J19: 1년 이상 | K19: =INDEX('통상임금 계산마스터'!$C$7:$E$29,MATCH(J19,'통상임금 계산마스터'!$B$7:$B$29,0),MATCH(I19,'통상임금 계산마스터'!$C$6:$E$6,0)) -> #N/A | L19: 0 | M19: =K19*L19 -> #N/A | N19: DB | O19: =IF(N19="DB",K19*30*(IF(J19="1년 미만",0,IF(J19="12년 이상",12,IF(J19="18년 이상",18,1)))),0) -> #N/A | Q19: 대기용 공란
B20: 안성 | C20: 공립 | D20: 각종 | E20: 초등 | F20: 대기행 | G20: 근무자 7 | H20: 교특 | I20: 조리실무사 | J20: 1년 이상 | K20: =INDEX('통상임금 계산마스터'!$C$7:$E$29,MATCH(J20,'통상임금 계산마스터'!$B$7:$B$29,0),MATCH(I20,'통상임금 계산마스터'!$C$6:$E$6,0)) -> #N/A | L20: 0 | M20: =K20*L20 -> #N/A | N20: DB | O20: =IF(N20="DB",K20*30*(IF(J20="1년 미만",0,IF(J20="12년 이상",12,IF(J20="18년 이상",18,1)))),0) -> #N/A | Q20: 대기용 공란
B21: 안성 | C21: 공립 | D21: 각종 | E21: 초등 | F21: 대기행 | G21: 근무자 8 | H21: 교특 | I21: 조리실무사 | J21: 1년 이상 | K21: =INDEX('통상임금 계산마스터'!$C$7:$E$29,MATCH(J21,'통상임금 계산마스터'!$B$7:$B$29,0),MATCH(I21,'통상임금 계산마스터'!$C$6:$E$6,0)) -> #N/A | L21: 0 | M21: =K21*L21 -> #N/A | N21: DB | O21: =IF(N21="DB",K21*30*(IF(J21="1년 미만",0,IF(J21="12년 이상",12,IF(J21="18년 이상",18,1)))),0) -> #N/A | Q21: 대기용 공란
B22: 안성 | C22: 공립 | D22: 각종 | E22: 초등 | F22: 대기행 | G22: 근무자 9 | H22: 교특 | I22: 조리실무사 | J22: 1년 이상 | K22: =INDEX('통상임금 계산마스터'!$C$7:$E$29,MATCH(J22,'통상임금 계산마스터'!$B$7:$B$29,0),MATCH(I22,'통상임금 계산마스터'!$C$6:$E$6,0)) -> #N/A | L22: 0 | M22: =K22*L22 -> #N/A | N22: DB | O22: =IF(N22="DB",K22*30*(IF(J22="1년 미만",0,IF(J22="12년 이상",12,IF(J22="18년 이상",18,1)))),0) -> #N/A | Q22: 대기용 공란
B23: 안성 | C23: 공립 | D23: 각종 | E23: 초등 | F23: 대기행 | G23: 근무자 10 | H23: 교특 | I23: 조리실무사 | J23: 1년 이상 | K23: =INDEX('통상임금 계산마스터'!$C$7:$E$29,MATCH(J23,'통상임금 계산마스터'!$B$7:$B$29,0),MATCH(I23,'통상임금 계산마스터'!$C$6:$E$6,0)) -> #N/A | L23: 0 | M23: =K23*L23 -> #N/A | N23: DB | O23: =IF(N23="DB",K23*30*(IF(J23="1년 미만",0,IF(J23="12년 이상",12,IF(J23="18년 이상",18,1)))),0) -> #N/A | Q23: 대기용 공란
B24: 안성 | C24: 공립 | D24: 각종 | E24: 초등 | F24: 대기행 | G24: 근무자 11 | H24: 교특 | I24: 조리실무사 | J24: 1년 이상 | K24: =INDEX('통상임금 계산마스터'!$C$7:$E$29,MATCH(J24,'통상임금 계산마스터'!$B$7:$B$29,0),MATCH(I24,'통상임금 계산마스터'!$C$6:$E$6,0)) -> #N/A | L24: 0 | M24: =K24*L24 -> #N/A | N24: DB | O24: =IF(N24="DB",K24*30*(IF(J24="1년 미만",0,IF(J24="12년 이상",12,IF(J24="18년 이상",18,1)))),0) -> #N/A | Q24: 대기용 공란
B25: 합계 (Grand Total) | L25: =SUM(L11:L24) -> 37 | M25: =SUM(M11:M24) -> #N/A | O25: =SUM(O11:O24) -> #N/A | P25: =SUM(P11:P24) -> 0

Sheet DB형 상세 산정서
B2: 확정급여형(DB형) 퇴직금 산정서
B3: ※ 근로기준법상 '평균임금'과 '통상임금'을 대조하여 가장 높은 금액을 최저보장액으로 적용합니다.
B5: [안내] 이 시트는 개인별 퇴직 시점 또는 연말 정산 시점 평균임금 산정 증빙용 문서입니다.
B7: 성명 | C7: 김조리 | D7: 직종 | E7: 조리사
B8: 입사일 | C8: 2008-03-01 | D8: 퇴직일(예정) | E8: 2026-02-28
B9: 총 계속근로일수 | C9: =D8-B8 -> #VALUE! | D9: 1일 소정근로시간 | E9: 8시간
B10: 시간급 통상임금 | C10: 15966 | D10: 1일 통상임금 (최저보장액) | E10: =B10*8 -> #VALUE!
B13: [평균임금 계산] 직전 3개월간 월별 지급 임금 내역
B14: 임금구분 | C14: 직전 1개월 (2월) | D14: 직전 2개월 (1월) | E14: 직전 3개월 (12월) | F14: 3개월 소계
B15: 기본급 (본봉) | C15: 2066000 | D15: 2066000 | E15: 2066000 | F15: =SUM(C15:E15) -> 6198000
B16: 직무관련수당 | C16: 103300 | D16: 103300 | E16: 103300 | F16: =SUM(C16:E16) -> 309900
B17: 위험수당 | C17: 50000 | D17: 50000 | E17: 50000 | F17: =SUM(C17:E17) -> 150000
B18: 정액급식비 | C18: 160000 | D18: 160000 | E18: 160000 | F18: =SUM(C18:E18) -> 480000
B19: 근속수당 (장기근무가산금) | C19: 720000 | D19: 720000 | E19: 720000 | F19: =SUM(C19:E19) -> 2160000
B20: 연장/야간/휴일수당 | C20: 0 | D20: 0 | E20: 0 | F20: =SUM(C20:E20) -> 0
B21: 월 단위 임금 소계 | C21: =SUM(C15:C20) -> 3099300 | D21: =SUM(D15:D20) -> 3099300 | E21: =SUM(E15:E20) -> 3099300 | F21: =SUM(F15:F20) -> 9297900
B22: 해당 월의 역(歷) 일수 | C22: 28 | D22: 31 | E22: 31 | F22: =SUM(C22:E22) -> 90
B24: [평균임금 계산] 직전 1년간 지급액의 3/12 산입 내역
B25: 수당구분 | C25: 연간 총 지급액 (원) | D25: 평균임금 산입율 | E25: 평균임금 반영액 (원)
B26: 정기상여금 | C26: 1000000 | D26: 3/12 반영 | E26: =C26*3/12 -> 250000
B27: 명절휴가비 | C27: 2144500 | D27: 3/12 반영 | E27: =C27*3/12 -> 536125
B28: 연차유급휴가 미사용수당 | C28: 998320 | D28: 3/12 반영 (전년도 발생분) | E28: =C28*3/12 -> 249580
B29: 연 단위 임금 소계 | C29: =SUM(C26:C28) -> 4142820 | E29: =SUM(E26:E28) -> 1035705
B31: [최종 결산] 평균임금 vs 통상임금 대조 및 최종 퇴직급여 산정
B32: ① 1일 평균임금 (= [3개월 총임금 + 1년 반영액] ÷ 3개월 일수) | C32: =(F21+E29)/F22 -> 114817.83 | D32: 원
B33: ② 1일 통상임금 최저보장액 (= 시간급 통상임금 × 8시간) | C33: =E10 -> #VALUE! | D33: 원
B34: ③ 적용할 1일 퇴직단가 (= MAX(① 평균임금, ② 통상임금)) | C34: =MAX(C32,C33) -> #VALUE! | D34: 원
B35: ④ 실 계속근로기간 (년수 환산) | C35: =C9/365 -> #VALUE! | D35: 년
B36: ★ 최종 산정 DB형 퇴직급여액 (= ③ 1일단가 × 30일 × ④ 계속근로년수) | C36: =ROUND(C34*30*C35,0) -> #VALUE! | D36: 원

Sheet DC형 연간 정산서
A2: 확정기여형(DC형) 퇴직연금 연간 납입 명세 대장 (13개 클래식 수당 반영)
A5: [안내] 매년 말 금융기관에 부담금을 이관할 때, 아래의 수당들을 총합하여 1/12을 최종 송금해 주시면 됩니다.
A7: 성명 | B7: 구분 | C7: 급여(본봉) | D7: 직무수당/보전금 | E7: 면허가산수당 | F7: 위험근무수당 | G7: 장기근무가산금 (근속수당) | H7: 정액급식비 | I7: 정기상여금 | J7: 명절휴가비 | K7: 연차수당 | L7: 야간근로수당 | M7: 연장근로수당 | N7: 연장가산금 | O7: 휴일근무수당 | P7: 연간 임금총액 (A) | Q7: DC형 부담금 (A × 1/12) | R7: 기타 비고
A8: 이정순(시설미화원) | B8: 특수운영직군 | C8: 12631500 | H8: 1880000 | I8: 500000 | J8: 1072250 | K8: 637800 | L8: 0 | M8: 94280 | O8: 0 | P8: =SUM(C8:O8) -> 16815830 | Q8: =ROUND(P8/12,0) -> 1401319
P9: =SUM(C9:O9) -> 0 | Q9: =ROUND(P9/12,0) -> 0
P10: =SUM(C10:O10) -> 0 | Q10: =ROUND(P10/12,0) -> 0
A21: 합계 (Grand Total) | C21: =SUM(C8:C20) -> 12631500 | D21: =SUM(D8:D20) -> 0 | E21: =SUM(E8:E20) -> 0 | F21: =SUM(F8:F20) -> 0 | G21: =SUM(G8:G20) -> 0 | H21: =SUM(H8:H20) -> 1880000 | I21: =SUM(I8:I20) -> 500000 | J21: =SUM(J8:J20) -> 1072250 | ... Q21: =SUM(Q8:Q20) -> 1401319
